timestamp,open,high,low,close,volume
2023-08-07,29008.9,29228.0,28790.0,28858.9,3675.19640943
2023-08-08,28858.9,29674.5,28701.0,29536.7,6571.22151509
2023-08-09,29536.7,30242.7,29535.6,29760.2,9236.0263317
2023-08-10,29760.8,29775.4,29375.9,29467.0,6467.56622676
2023-08-11,29467.1,29566.4,29330.2,29396.0,4537.74303075
2023-08-12,29396.0,29461.8,29250.8,29439.5,2402.21598822
2023-08-13,29439.5,29483.6,29360.0,29372.1,1605.22827455
2023-08-14,29372.0,29673.0,29100.0,29600.6,5587.98341349
2023-08-15,29600.7,29695.0,29255.0,29331.7,4775.49169175
2023-08-16,29331.7,29369.6,29044.0,29105.8,5983.89278616
2023-08-17,29103.4,29232.0,27865.8,27928.9,16486.06492903
2023-08-18,27929.0,28084.2,24220.0,26000.0,40207.02449994
2023-08-19,26000.0,26319.8,25600.1,26215.3,10327.5629156
2023-08-20,26215.2,26274.7,25971.1,26105.8,3202.8582587
2023-08-21,26105.9,26299.8,25813.2,25941.7,4972.25455519
2023-08-22,25941.7,26260.0,25915.2,25936.3,3275.81958628
2023-08-23,25936.3,26189.2,25320.0,26145.9,9079.69762378
2023-08-24,26146.0,26816.4,26000.0,26001.9,9745.51584865
2023-08-25,26001.9,26309.9,25782.2,25932.3,6338.95794571
2023-08-26,25932.3,26124.3,25834.3,26055.4,1731.18444607
2023-08-27,26055.3,26179.8,25971.7,26123.2,1075.10512098
2023-08-28,26123.2,26250.0,25864.5,26104.5,3151.97632891
2023-08-29,26104.5,27696.0,25920.1,27420.5,13930.24490303
2023-08-30,27420.5,28163.5,27010.0,27204.0,14382.05770446
2023-08-31,27204.1,27605.5,26789.3,26923.5,6719.46788306
2023-09-01,26923.5,26925.7,25557.0,25810.4,13977.20326039
2023-09-02,25810.4,25986.0,25329.0,25898.2,6604.40715544
2023-09-03,25898.2,26083.6,25760.0,25872.1,2389.42001268
2023-09-04,25872.0,26138.0,25727.1,25815.2,4012.63444262
2023-09-05,25815.2,25946.7,25559.2,25758.7,5158.93506494
2023-09-06,25758.6,25864.7,25538.4,25592.1,3062.16756641
2023-09-07,25591.0,26053.4,25369.7,25776.1,5700.87580391
2023-09-08,25776.9,26450.9,25646.0,25846.3,10132.01359595
2023-09-09,25846.1,25936.0,25722.5,25893.6,2845.97129098
2023-09-10,25893.5,25946.6,25712.1,25774.5,2067.05948054
2023-09-11,25774.5,26038.1,24942.9,25114.0,11606.96212728
2023-09-12,25112.9,26397.7,24900.0,26209.2,15977.9883668
2023-09-13,26209.2,26585.3,25768.0,26246.1,10293.73651312
2023-09-14,26247.7,26800.0,26053.7,26696.4,9670.27652942
2023-09-15,26697.4,26876.0,26215.6,26320.9,5557.79791707
2023-09-16,26322.8,26900.0,26314.6,26510.4,4493.88693527
2023-09-17,26510.5,26624.0,26419.9,26548.7,1877.13257755
2023-09-18,26548.8,27415.2,26377.0,27271.8,7871.33429145
2023-09-19,27271.8,27500.0,26630.9,27425.1,10920.84124224
2023-09-20,27425.6,27486.9,26943.9,27180.2,7028.37489415
2023-09-21,27180.2,27297.8,26366.6,26587.1,9884.7818936
2023-09-22,26587.2,26746.0,26469.4,26633.2,6858.48957862
2023-09-23,26633.2,26647.4,26490.1,26577.8,3296.17170339
2023-09-24,26577.8,26638.2,26548.5,26576.7,989.68749902
2023-09-25,26576.8,26737.4,25989.6,26244.5,8061.01033721
2023-09-26,26244.5,26446.0,26083.0,26124.4,4058.07876271
2023-09-27,26124.5,26852.1,26096.6,26300.1,11038.79701583
2023-09-28,26300.1,27088.2,26109.5,27027.3,9292.24028802
2023-09-29,27028.0,27316.0,26658.0,26887.8,10949.48813396
2023-09-30,26887.8,27089.4,26749.7,26994.8,2908.13427276
2023-10-01,26994.9,27288.0,26950.0,27153.0,3346.75751812
2023-10-02,27152.1,28600.0,27035.0,28026.1,17636.31708827
2023-10-03,28026.2,28125.1,27232.0,27339.1,10491.73646825
2023-10-04,27339.0,27642.1,27159.2,27402.9,4730.65871591
2023-10-05,27402.9,28127.0,27396.6,27549.7,7837.11147984
2023-10-06,27549.7,28049.6,27173.6,27946.0,9532.0912298
2023-10-07,27946.1,28316.0,27791.6,27942.0,5659.49433945
2023-10-08,27942.1,28092.0,27686.1,27898.1,3708.51355972
2023-10-09,27898.2,27987.9,27375.2,27443.5,6562.55839781
2023-10-10,27443.6,27743.9,27260.0,27409.8,7676.86411488
2023-10-11,27409.8,27512.0,26707.5,26775.7,10376.11022693
2023-10-12,26775.6,26945.0,26530.0,26674.7,8523.48448683
2023-10-13,26674.7,26974.4,26551.6,26704.4,4437.78452486
2023-10-14,26704.4,27132.0,26680.8,26948.4,5001.48981824
2023-10-15,26948.4,26966.7,26782.6,26899.5,2975.5193138
2023-10-16,26899.5,30535.8,26886.0,28066.0,34257.21078295
2023-10-17,28066.0,28808.0,28060.4,28461.5,11115.5738638
2023-10-18,28462.6,28993.8,28134.1,28249.3,8732.67364374
2023-10-19,28249.4,28816.2,28103.6,28677.1,7748.93352203
2023-10-20,28679.1,30267.9,28455.1,29550.9,21724.77645913
2023-10-21,29550.9,29983.8,29316.0,29933.8,4542.4158579
2023-10-22,29933.7,30390.8,29632.5,29827.1,7805.6834492
2023-10-23,29827.1,30988.0,29720.1,30885.0,14938.4332654
2023-10-24,30884.9,35919.2,30690.2,33674.8,50302.54196156
2023-10-25,33674.8,35049.6,33378.0,34843.1,13858.60274834
2023-10-26,34843.2,35148.7,33857.4,34048.0,9902.61957275
2023-10-27,34046.0,34284.0,33748.4,34002.4,7416.314203
2023-10-28,34003.0,34523.6,33358.1,34195.3,7666.87256296
2023-10-29,34195.3,34559.7,33930.6,34448.3,3432.27674656
2023-10-30,34447.4,34868.0,34104.4,34656.5,10175.36267095
2023-10-31,34656.5,34658.1,34016.5,34272.5,9416.37392742
2023-11-01,34272.5,35200.0,34054.9,34291.8,12308.40615151
2023-11-02,34291.3,35989.0,34277.9,34637.9,19366.53387665
2023-11-03,34637.9,35097.2,34120.0,34762.9,12659.91460108
2023-11-04,34763.0,35063.3,34325.0,34709.8,6743.33337346
2023-11-05,34709.9,35316.2,34690.0,34884.9,6488.74459515
2023-11-06,34885.0,35420.0,34407.1,35079.3,9505.81254449
2023-11-07,35081.4,35149.4,34521.2,34723.5,7378.21073459
2023-11-08,34723.6,35899.0,34563.4,35221.2,11081.50844086
2023-11-09,35220.9,38028.1,35179.7,37087.1,29267.04327783
2023-11-10,37087.0,37255.0,35532.2,37084.1,20806.70858337
2023-11-11,37085.2,37542.4,36900.0,37049.9,6829.44833225
2023-11-12,37050.0,37222.6,36630.0,37154.5,4998.82366869
2023-11-13,37154.4,37420.0,36532.0,36838.2,7117.35951049
2023-11-14,36836.6,37032.4,35742.0,36143.9,12997.13367356
2023-11-15,36146.0,36422.4,34471.6,36411.9,17954.34329838
2023-11-16,36411.7,37967.9,36214.7,36401.9,20813.74077607
2023-11-17,36400.1,36671.0,35500.0,36042.8,15053.96700818
2023-11-18,36043.2,36896.6,35909.1,36665.7,10748.50811674
2023-11-19,36665.8,36850.0,36382.2,36571.1,3932.22485474
2023-11-20,36574.2,37500.0,36510.8,37462.7,11291.49104458
2023-11-21,37458.2,37758.0,36230.3,36974.9,17548.00820952
2023-11-22,36974.8,37516.3,35621.1,36480.1,17662.8800295
2023-11-23,36480.1,37868.0,36371.6,36949.4,15048.30626268
2023-11-24,36949.5,38424.6,36913.6,38216.7,12804.4111362
2023-11-25,38216.7,38350.0,37547.6,37702.1,7537.75841973
2023-11-26,37702.1,37888.0,37269.0,37439.7,4343.06131197
2023-11-27,37439.7,37750.0,36729.5,36748.9,13204.47702119
2023-11-28,36749.0,37579.3,36710.0,37517.5,9517.22023751
2023-11-29,37517.6,38487.0,37517.6,37826.9,15246.81303463
2023-11-30,37826.9,38144.0,37419.5,37616.6,8331.36841207
2023-12-01,37617.7,38842.1,37526.4,38413.5,11716.18919086
2023-12-02,38413.5,38989.7,38392.1,38808.0,7317.76033504
2023-12-03,38805.9,39828.5,38706.3,39765.5,10758.21882026
2023-12-04,39764.1,42155.0,39428.8,41270.1,25743.8075093
2023-12-05,41270.1,42500.0,41174.3,42264.9,15091.67535033
2023-12-06,42262.7,44496.2,42122.1,43778.2,29065.14169604
2023-12-07,43779.8,44145.7,42836.0,43656.8,13422.74324039
2023-12-08,43666.0,44035.7,43068.1,43757.2,11535.15874285
2023-12-09,43758.7,44726.8,43638.1,44047.4,9789.73666007
2023-12-10,44047.3,44094.1,43600.0,43911.7,7363.54133929
2023-12-11,43911.8,44050.0,40200.0,41801.0,23551.78299347
2023-12-12,41801.1,42100.0,40228.7,41353.9,20522.17010443
2023-12-13,41354.0,41961.8,40516.8,41935.5,12258.63570805
2023-12-14,41935.5,43500.0,41202.0,42445.6,19735.49717237
2023-12-15,42445.6,43436.7,41652.5,41901.0,13894.18214382
2023-12-16,41901.4,42608.6,41613.2,42602.8,8594.40447449
2023-12-17,42605.4,42717.4,41520.0,41809.8,6914.20951948
2023-12-18,41809.9,42430.0,40544.4,41266.8,15960.95375126
2023-12-19,41268.9,43487.5,41149.3,42483.0,15151.90417691
2023-12-20,42483.0,44300.0,41811.3,44037.4,15811.36652187
2023-12-21,44037.4,44256.8,43228.7,43823.6,14354.00138063
2023-12-22,43824.3,44406.3,43347.6,43671.3,11381.83540819
2023-12-23,43671.3,44045.4,43288.0,43755.8,6124.14379289
2023-12-24,43757.5,43944.3,43400.7,43680.2,4075.38630312
2023-12-25,43680.2,43807.9,42521.9,43616.8,9108.55490365
2023-12-26,43616.8,43718.5,42111.0,42392.8,10881.59404707
2023-12-27,42392.8,43227.7,41610.0,42977.9,13261.69180208
2023-12-28,42979.6,43788.6,42398.0,42444.9,10828.4778683
2023-12-29,42445.2,43113.6,42105.3,42266.2,13798.32152259
2023-12-30,42266.1,42449.6,41267.1,42374.8,12797.04888955
2023-12-31,42374.7,42888.0,41971.6,42457.5,9395.39501423
2024-01-01,42457.6,42848.0,42066.0,42782.8,6214.51469206
2024-01-02,42783.9,45884.6,42662.9,45183.9,22457.94120446
2024-01-03,45184.0,45515.8,40157.3,42985.9,36954.95822055
2024-01-04,42990.0,44349.7,41759.0,44057.7,22396.14267526
2024-01-05,44057.8,44888.0,42250.1,43500.2,25219.90084603
2024-01-06,43500.1,44393.0,43082.6,43865.1,11218.63020597
2024-01-07,43867.5,44481.2,43637.6,44048.1,8392.84778305
2024-01-08,44048.1,45400.0,43180.1,44968.0,21036.57029625
2024-01-09,44967.9,47300.0,44793.4,46865.5,27135.98331173
2024-01-10,46865.5,48023.7,44289.5,45547.0,37228.30513452
2024-01-11,45548.3,48988.0,44777.6,46775.8,50059.09287579
2024-01-12,46775.8,47000.0,44337.9,44467.3,25592.16888707
2024-01-13,44466.9,44666.0,41360.9,43154.0,28101.84329841
2024-01-14,43156.1,43186.9,42543.9,42906.2,6225.3421282
2024-01-15,42906.2,43015.9,41715.2,42278.3,15081.76689085
2024-01-16,42278.3,43388.0,42045.4,43253.7,12719.1911304
2024-01-17,43253.6,43585.0,42370.4,42476.4,10125.02801761
2024-01-18,42476.5,42925.5,42205.1,42619.1,7614.45072789
2024-01-19,42619.1,42619.2,40678.3,40898.5,19209.64647714
2024-01-20,40898.6,42187.2,40258.2,41569.9,9357.17975277
2024-01-21,41566.4,41883.2,41524.0,41656.2,3041.3029266
2024-01-22,41658.0,41817.2,40349.7,40772.0,12488.92323873
2024-01-23,40773.5,40873.7,38554.0,39204.1,22724.04074797
2024-01-24,39204.1,40588.0,38910.0,40049.9,14965.86228163
2024-01-25,40049.9,40306.0,39497.3,39801.1,9125.75641122
2024-01-26,39801.1,41588.8,39538.9,41418.1,16100.01759444
2024-01-27,41418.1,42249.9,41380.4,41820.5,10436.48359259
2024-01-28,41822.0,42838.2,41741.9,42260.2,6670.09676906
2024-01-29,42260.3,42648.6,41617.2,42641.6,7219.21694963
2024-01-30,42641.5,43884.4,42520.0,43377.1,16995.90354194
2024-01-31,43377.1,43758.0,42352.8,43354.2,14771.00200029
2024-02-01,43353.2,43748.8,41868.2,42511.6,13731.11320268
2024-02-02,42511.5,43428.7,42358.9,43234.8,9672.31732967
2024-02-03,43234.7,43485.2,42774.0,43121.6,4039.11776893
2024-02-04,43121.7,43281.8,42724.1,42936.0,3638.58155223
2024-02-05,42936.1,43571.8,42188.0,42639.3,8280.08418842
2024-02-06,42639.3,43276.8,42323.0,43247.7,7036.25300619
2024-02-07,43245.4,43388.0,42787.8,43070.4,5833.16413884
2024-02-08,43070.5,45477.5,43009.6,45434.9,13462.39443643
2024-02-09,45434.9,47760.7,44893.4,47158.5,17482.71724676
2024-02-10,47158.6,48219.9,46841.6,47346.7,9673.35313517
2024-02-11,47346.8,48594.4,47153.2,48148.4,6538.61411751
2024-02-12,48148.4,49952.9,47705.7,49917.2,10115.98395401
2024-02-13,49917.3,50385.1,48400.0,48723.1,16741.98446221
2024-02-14,48724.0,52045.7,48300.0,51590.9,17497.90331389
2024-02-15,51596.7,52813.0,51192.5,51948.0,14216.28853177
2024-02-16,51948.0,52574.2,51309.5,51878.8,13465.71024966
2024-02-17,51878.8,52256.0,50618.6,50980.1,8647.51922009
2024-02-18,50980.1,52070.0,50738.1,51781.4,5505.93217076
2024-02-19,51781.5,52489.2,51594.7,52127.6,6427.20569274
2024-02-20,52127.6,53006.0,51290.0,51676.9,13266.78438816
2024-02-21,51676.9,52526.6,50533.8,51156.8,14160.67828774
2024-02-22,51156.9,52036.4,50650.0,51602.5,10548.38321226
2024-02-23,51602.4,52080.0,50788.0,50908.6,10928.27014668
2024-02-24,50908.6,51195.2,50513.1,51101.0,5663.27182307
2024-02-25,51101.0,51910.0,51096.9,51522.1,5246.41072566
2024-02-26,51520.9,52848.0,50902.2,52843.2,9102.27095655
2024-02-27,52843.2,57500.0,52744.2,56747.9,23087.26765235
2024-02-28,56748.0,61364.7,56201.7,60966.9,19637.90369844
2024-02-29,60966.8,64085.2,58666.0,62764.2,33477.74765964
2024-03-01,62764.2,62881.0,60372.0,61272.5,16408.10890415
2024-03-02,61272.6,63114.4,61242.5,61776.7,9745.42392091
2024-03-03,61776.7,62642.7,61307.0,62172.1,6831.50102256
2024-03-04,62172.1,66600.0,62090.3,66454.1,19074.42334474
2024-03-05,66454.1,69080.0,64970.4,66778.0,27852.330643
2024-03-06,66778.1,67647.4,59000.0,66485.7,42637.47188972
2024-03-07,66488.1,67896.6,65544.0,67261.8,12794.18645877
2024-03-08,67252.2,70040.0,66750.0,67618.1,15402.01073433
2024-03-09,67622.1,69383.0,66063.3,68288.8,14304.48754839
2024-03-10,68288.7,69910.7,68000.0,69191.5,8567.00702667
2024-03-11,69191.5,72665.3,66944.1,72008.0,19462.54243586
2024-03-12,72008.1,73095.2,70777.0,71702.0,16055.75801959
2024-03-13,71702.0,73625.6,68600.0,72624.1,19286.14136988
2024-03-14,72624.2,73787.1,70581.4,70843.3,13507.67335845
2024-03-15,70843.3,72432.0,65588.0,68165.3,31616.38197128
2024-03-16,68165.3,70659.3,67408.0,68385.8,14358.43992031
2024-03-17,68385.9,68415.8,64541.7,67963.8,19654.12569864
2024-03-18,67963.7,68974.0,66635.0,67480.0,13211.47131006
2024-03-19,67478.3,68121.6,62393.7,64056.9,27379.78150141
2024-03-20,64053.4,65765.0,60767.5,63607.7,26232.38601017
2024-03-21,63604.5,68247.2,62026.3,66571.2,21192.68156922
2024-03-22,66571.3,67000.0,62579.8,63883.9,17213.42140341
2024-03-23,63883.9,65420.3,62200.0,65099.9,9446.44416316
2024-03-24,65099.9,66000.0,63765.9,65673.1,7691.71120911
2024-03-25,65674.5,70016.0,64609.2,69785.7,15028.36714977
2024-03-26,69785.8,71547.3,69283.8,70257.0,14752.81873015
2024-03-27,70253.8,71777.0,68538.0,68882.1,15705.37718062
2024-03-28,68883.7,71541.1,68400.0,71289.8,13287.24522395
2024-03-29,71295.3,71323.8,69001.1,69176.6,10268.67983665
2024-03-30,69176.7,70322.6,69091.0,70002.0,3850.54207066
2024-03-31,70001.9,70733.5,69542.7,70394.0,4302.95777863
2024-04-01,70394.0,71400.1,68119.4,68230.0,12452.22725956
2024-04-02,68226.0,69916.0,64588.8,64876.0,20510.70747866
2024-04-03,64883.1,66908.3,64403.1,65836.7,12346.71979714
2024-04-04,65835.0,67937.7,65060.3,67649.8,10402.08202978
2024-04-05,67649.9,69319.4,65958.8,68201.4,16475.726599
2024-04-06,68197.8,68380.0,67304.0,68112.8,5097.30222539
2024-04-07,68106.2,69880.0,67941.7,69555.9,5592.82722851
2024-04-08,69560.0,72799.0,68866.8,71782.2,14553.61532792
2024-04-09,71776.1,72126.4,68518.0,69264.6,12560.09027311
2024-04-10,69264.9,69600.1,67506.8,68656.0,11423.86667529
2024-04-11,68650.0,71315.9,68576.0,70001.3,12331.90943846
2024-04-12,70001.4,71230.0,69231.6,69346.1,10084.79503254
2024-04-13,69346.2,69589.0,64845.4,67672.1,19829.26168652
2024-04-14,67668.2,67758.3,60000.0,64173.3,36973.8847011
2024-04-15,64180.1,66867.2,62568.6,64568.1,17879.9558903
2024-04-16,64572.0,64868.3,61568.1,61758.9,18893.90356964
2024-04-17,61760.1,64523.1,59862.7,60299.4,19463.08376615
2024-04-18,60295.9,64133.8,59632.6,63498.2,17921.34865857
2024-04-19,63498.2,65440.0,59587.2,64439.7,24315.75708195
2024-04-20,64438.6,64968.4,62937.0,64806.0,8805.44230238
2024-04-21,64806.0,65704.5,64451.5,65043.9,6222.72425837
2024-04-22,65043.9,66488.0,64211.1,66002.4,9930.67262445
2024-04-23,66002.5,67248.0,65808.5,66422.7,8898.76240869
2024-04-24,66425.3,67078.2,64507.7,64615.5,7567.44724709
2024-04-25,64613.9,65133.0,62747.4,64132.1,16075.00807359
2024-04-26,64129.6,65289.8,63333.3,63503.7,10570.26028635
2024-04-27,63503.8,64171.0,62380.6,62955.8,6081.86736904
2024-04-28,62955.7,64380.0,62744.3,63536.4,5246.91451327
2024-04-29,63536.4,63976.2,61787.8,63045.3,10241.32559109
2024-04-30,63045.2,64732.0,60555.0,60793.9,12300.53620817
2024-05-01,60793.7,61066.2,56555.0,56885.3,22039.18083271
2024-05-02,56882.1,59488.7,56604.3,59266.3,20284.30682897
2024-05-03,59270.0,62121.0,58643.5,61690.0,12507.34778458
2024-05-04,61690.7,64545.3,61534.1,63612.4,10913.65512547
2024-05-05,63615.6,64652.4,62884.7,64432.0,5870.99580079
2024-05-06,64430.2,65518.0,62930.0,63632.4,11640.44109066
2024-05-07,63633.7,64411.8,62697.2,63741.9,9878.53224532
2024-05-08,63742.0,63895.9,61787.8,62278.0,8034.01736002
2024-05-09,62279.4,62761.4,60625.0,62157.8,7022.12047301
2024-05-10,62157.7,63470.5,60690.0,60925.0,10977.76010143
2024-05-11,60924.0,61525.0,60180.0,61176.1,5299.83863081
2024-05-12,61182.3,61570.0,60604.0,61411.7,2706.2966471
2024-05-13,61417.9,63299.8,60758.9,63009.9,9197.44820298
2024-05-14,63009.9,63459.3,61120.2,61779.8,9389.87284837
2024-05-15,61779.9,65068.2,61150.6,64714.1,11271.96121316
2024-05-16,64714.2,66789.0,64714.2,65826.1,9992.61811865
2024-05-17,65826.2,67459.0,64610.0,67199.0,8688.15885428
2024-05-18,67199.9,67389.1,66208.0,66813.6,4626.41629247
2024-05-19,66813.6,67750.7,66659.9,66887.5,3239.89146339
2024-05-20,66887.4,67500.0,65839.1,67413.8,5512.55113575
2024-05-21,67413.8,71979.0,67380.3,69821.5,19725.15708033
2024-05-22,69821.5,70596.4,69161.0,70451.6,7754.36847311
2024-05-23,70452.5,70665.8,67602.3,68075.5,9782.61105492
2024-05-24,68075.6,68421.8,66256.3,68332.0,9957.78994866
2024-05-25,68332.0,69639.3,67901.1,68938.6,4367.86312784
2024-05-26,68938.6,69556.6,68669.8,68846.4,2404.60880818
2024-05-27,68847.2,70550.0,68150.2,70370.8,4680.88621833
2024-05-28,70370.8,70688.0,67485.0,68379.4,8323.58184944
2024-05-29,68380.8,68934.6,67264.3,67380.0,5956.79083607
2024-05-30,67380.1,68823.9,67123.9,68532.1,7430.48991909
2024-05-31,68532.0,69515.0,67200.1,67209.6,6977.19230059
2024-06-01,67209.7,68002.3,66654.1,67683.9,3721.63550499
2024-06-02,67684.0,68472.3,67380.1,68147.1,2542.46565836
2024-06-03,68147.2,70299.4,67267.1,69613.3,8286.11621656
2024-06-04,69613.4,70500.0,68560.1,70447.9,6467.52905786
2024-06-05,70448.0,71717.9,70087.6,71567.3,8905.38681874
2024-06-06,71567.2,71754.7,70708.0,71302.2,4845.77426249
2024-06-07,71302.3,71997.0,70120.0,71108.6,7445.37475641
2024-06-08,71108.6,71212.1,68300.0,69420.8,6796.33978825
2024-06-09,69420.9,69775.0,69134.0,69508.5,2262.53916867
2024-06-10,69508.6,70186.2,69156.1,70058.6,2900.91677586
2024-06-11,70058.6,70120.0,66000.0,66230.3,12643.21150436
2024-06-12,66230.2,70000.0,66153.9,69728.9,8282.20568019
2024-06-13,69734.9,69871.7,66333.0,66460.0,9437.32108632
2024-06-14,66458.1,67366.3,66258.0,66388.3,5076.58299615
2024-06-15,66389.9,66633.3,65068.0,66317.5,4914.21837406
2024-06-16,66317.5,66796.7,65857.0,66705.4,1750.99687036
2024-06-17,66707.9,66985.4,65124.3,65365.2,4811.24197008
2024-06-18,65365.2,67301.4,64256.0,64702.3,10249.45839206
2024-06-19,64705.8,65727.2,64051.5,64929.0,5718.99048177
2024-06-20,64929.0,66493.9,64656.0,64832.0,5167.20082726
2024-06-21,64831.3,65214.9,63383.3,63724.1,7556.86391942
2024-06-22,63727.9,64543.9,63461.5,64302.9,2792.87622034
2024-06-23,64303.0,64524.7,64067.9,64097.9,1475.76653742
2024-06-24,64098.0,64186.4,60588.6,60850.0,10806.85619147
2024-06-25,60849.9,62151.6,58378.0,61820.6,13355.98499833
2024-06-26,61820.7,62483.9,61145.1,61480.0,6063.45081984
2024-06-27,61480.0,62390.0,60620.7,61590.1,6929.92098312
2024-06-28,61590.1,62233.9,60730.0,61060.0,5791.31757876
2024-06-29,61060.0,61218.2,60055.5,61115.1,5377.31305106
2024-06-30,61115.2,61865.0,60710.1,61719.8,2869.46621247
2024-07-01,61720.0,63822.3,61579.4,63142.1,5919.45254798
2024-07-02,63142.1,63860.2,61835.1,61949.9,5735.05146438
2024-07-03,61950.0,62374.7,59571.1,60183.0,8596.16000968
2024-07-04,60181.4,60659.9,56759.5,58143.3,13474.51709964
2024-07-05,58143.3,58822.0,53269.0,56670.1,21339.40749426
2024-07-06,56675.9,57454.5,55823.4,57320.2,6294.2374643
2024-07-07,57322.7,58479.8,56573.4,56826.0,5139.49206427
2024-07-08,56828.0,58214.7,54289.4,55760.9,12395.27222872
2024-07-09,55764.4,58131.3,55416.9,57476.9,7925.99202184
2024-07-10,57476.9,59476.3,57332.1,57700.1,8730.44903696
2024-07-11,57705.8,59579.9,57029.2,57405.8,8340.98132761
2024-07-12,57403.0,58277.2,56537.3,58211.9,6334.98025075
2024-07-13,58212.5,58902.5,57144.1,58838.1,5621.50300989
2024-07-14,58838.1,60407.5,58259.6,60088.2,5790.30410892
2024-07-15,60088.2,63329.6,59875.0,63031.4,9561.9283892
2024-07-16,63031.4,65000.0,62369.8,64888.2,13256.56780042
2024-07-17,64874.7,66117.5,64111.0,64728.9,8715.83907477
2024-07-18,64729.0,65142.5,63400.0,63537.4,6959.76043988
2024-07-19,63537.3,65899.2,63230.9,65836.7,7588.0189059
2024-07-20,65836.6,67395.4,65826.4,66827.1,5771.8664827
2024-07-21,66825.9,67619.6,66592.0,67167.5,3909.62022505
2024-07-22,67167.6,68482.1,65764.5,67065.3,8108.13462309
2024-07-23,67065.4,68260.0,65956.0,66583.0,6980.32873615
2024-07-24,66575.9,67102.0,65420.0,66177.5,6262.14777694
2024-07-25,66179.5,66711.8,63450.1,64778.0,10291.14363085
2024-07-26,64778.0,67995.6,64384.0,67562.9,9987.14320908
2024-07-27,67562.0,69409.5,67306.5,68862.5,4923.69687354
2024-07-28,68862.6,69200.0,66646.6,67645.8,9000.55137098
2024-07-29,67650.0,70050.0,67604.3,68100.0,10012.08230876
2024-07-30,68100.1,68118.5,65550.0,66217.9,10452.7749276
2024-07-31,66218.0,66849.5,65300.0,66385.9,5505.27545379
2024-08-01,66386.0,66838.0,62661.5,62902.0,11672.93627121
2024-08-02,62903.5,65654.0,62280.0,63418.6,14052.83193868
2024-08-03,63419.4,63615.3,60504.1,60878.3,10257.80358718
2024-08-04,60878.3,61297.1,58947.2,59087.7,9120.61207728
2024-08-05,59088.0,59588.0,48934.8,54318.0,56339.78259467
2024-08-06,54307.2,56615.4,52552.0,56412.6,21419.63781954
2024-08-07,56409.7,57736.3,55570.0,56092.7,13588.50844216
2024-08-08,56092.7,59516.0,54563.6,59429.9,15581.56573517
2024-08-09,59434.1,62750.0,59240.8,59812.9,12507.24484639
2024-08-10,59812.9,61476.0,59730.0,60523.9,5018.66891845
2024-08-11,60523.9,61885.7,59936.3,60127.9,4473.23302688
2024-08-12,60128.0,60692.8,57592.9,60207.2,12203.69028715
2024-08-13,60204.0,60409.1,58398.1,59480.1,7438.92094682
2024-08-14,59480.1,61839.8,58817.2,59443.8,10339.75429085
2024-08-15,59443.8,59774.0,57718.1,59675.8,8163.04134558
2024-08-16,59676.0,59850.0,56093.7,58074.1,11344.38939645
2024-08-17,58068.1,59821.0,57994.0,59394.3,5005.79557338
2024-08-18,59394.3,60288.4,59147.8,59863.4,4034.7571222
2024-08-19,59867.7,59950.0,57800.0,58540.0,5276.97615056
2024-08-20,58538.5,61419.6,58373.9,58831.4,10300.20771481
2024-08-21,58823.4,60200.0,58541.2,59518.7,6292.9018007
2024-08-22,59522.0,61832.3,59372.0,60407.1,9407.66438694
2024-08-23,60404.0,62325.6,60128.1,61534.0,7517.55736165
2024-08-24,61535.2,65000.0,61343.1,63984.1,11634.26606711
2024-08-25,63987.8,64660.0,63513.7,64133.5,4350.11132899
2024-08-26,64132.1,65010.2,63065.5,63534.0,5862.93436671
2024-08-27,63532.6,63890.8,61445.1,61704.0,7518.03470407
2024-08-28,61699.1,62199.9,58000.0,59002.4,12145.65443988
2024-08-29,59003.6,61186.4,57825.1,60777.4,8382.5128372
2024-08-30,60776.3,60959.2,57936.5,58088.0,8280.81454699
2024-08-31,58093.1,59461.5,57650.0,59013.8,3134.58179205
2024-09-01,59013.8,59144.5,57168.5,58214.1,4937.69290326
2024-09-02,58214.1,58817.4,57116.2,58535.7,6676.28043791
2024-09-03,58536.0,59817.0,57562.1,57724.0,5193.54115148
2024-09-04,57721.5,58251.4,55568.0,58128.7,9349.01498604
2024-09-05,58128.2,58522.1,55809.6,55976.1,8947.42912165
2024-09-06,55979.5,57054.8,53805.4,54044.0,11668.221536
2024-09-07,54044.1,54832.0,52528.6,54784.1,10275.03300045
2024-09-08,54784.1,54853.0,53646.1,53687.9,4125.42918681
2024-09-09,53686.9,55805.2,53626.2,55383.9,8159.423859
2024-09-10,55384.0,58135.0,55344.0,56592.2,11068.38773889
2024-09-11,56592.2,58045.8,55555.0,56700.4,9286.68890273
2024-09-12,56700.0,58588.8,56645.5,57514.2,8516.18263678
2024-09-13,57512.0,59717.0,57494.2,59660.1,5926.76694074
2024-09-14,59658.1,60644.7,59312.1,59875.3,7071.05901487
2024-09-15,59875.3,60407.3,59355.9,60334.2,2576.78804612
2024-09-16,60334.2,60354.0,57565.3,57881.8,7563.84579034
2024-09-17,57881.6,61343.1,57431.1,61134.0,9889.87655489
2024-09-18,61133.4,61268.0,59312.1,59430.0,7476.11010876
2024-09-19,59430.0,63509.1,59179.7,63156.2,15420.86960007
2024-09-20,63157.6,64142.8,62574.5,63160.0,10327.60817316
2024-09-21,63159.9,63305.0,62338.0,63170.1,3592.07454688
2024-09-22,63170.2,63569.1,62466.5,62656.1,3103.59017277
2024-09-23,62656.0,64750.0,62364.8,63616.1,8345.56881174
2024-09-24,63616.0,63950.0,62702.3,63160.0,6765.75462495
2024-09-25,63161.0,64822.2,63093.1,63499.0,8036.96094038
2024-09-26,63499.3,65556.6,62671.0,65233.0,8922.74440583
2024-09-27,65234.0,66500.0,64625.8,66000.1,8973.1382816
2024-09-28,66000.0,66364.0,65414.6,65619.0,4033.42758245
2024-09-29,65619.1,66000.0,65420.0,65756.2,2593.70282044
2024-09-30,65756.2,66079.6,63250.0,63558.8,8887.05845981
2024-10-01,63558.8,64128.0,61798.1,62629.6,10271.45946509
2024-10-02,62629.6,62777.0,60160.1,61875.5,12560.70071691
2024-10-03,61875.5,62375.6,59800.0,60636.3,9771.59191899
2024-10-04,60636.4,62010.4,59910.0,61884.0,8456.35098503
2024-10-05,61884.1,62480.8,61643.4,62167.2,3249.54480013
2024-10-06,62167.3,62797.1,61706.0,62724.8,2158.07986544
2024-10-07,62724.9,64466.9,62305.6,63658.0,8343.06479607
2024-10-08,63658.0,63916.5,61866.0,62287.5,6792.98008595
2024-10-09,62287.5,62596.0,61634.0,62309.9,5255.63240276
2024-10-10,62310.0,62346.5,60302.0,60795.2,6470.04140182
2024-10-11,60796.0,62466.0,58935.6,62267.1,8853.6468761
2024-10-12,62267.2,63488.0,62130.0,63166.1,6695.93902606
2024-10-13,63166.2,63400.0,62050.0,62230.1,3144.36672091
2024-10-14,62230.0,66294.0,62169.4,65878.1,11712.53268901
2024-10-15,65878.0,67963.6,64781.5,66023.1,13486.36513222
2024-10-16,66023.1,68422.6,65982.7,67759.3,12304.6642775
2024-10-17,67759.5,68107.9,66670.0,67590.5,6952.24643837
2024-10-18,67590.5,68880.0,66720.0,68744.2,8677.19707784
2024-10-19,68744.5,69000.0,68080.0,68227.7,3801.3260623
2024-10-20,68227.8,68765.2,68006.0,68631.9,2367.03397535
2024-10-21,68632.0,69546.0,66842.8,67331.5,9470.0471967
2024-10-22,67331.5,67925.9,66555.0,67283.5,9717.99223215
2024-10-23,67283.6,67838.0,65923.1,66220.0,6705.20525113
2024-10-24,66220.1,67984.0,65251.0,67697.7,8245.1343376
2024-10-25,67697.8,68850.3,67250.0,67687.5,7081.09915405
2024-10-26,67687.5,67870.2,65588.7,66886.2,9204.3518236
2024-10-27,66886.1,67852.1,66788.9,67786.0,2108.62752954
2024-10-28,67785.9,69285.0,67544.4,68491.5,6596.09915596
2024-10-29,68490.8,72440.3,68450.0,72398.3,13686.22038749
2024-10-30,72398.1,73650.0,71440.0,72060.2,12330.68717055
2024-10-31,72060.2,72962.0,70444.0,70628.0,10423.51659655
2024-11-01,70627.9,71629.9,68829.9,69391.0,11613.24775187
2024-11-02,69391.5,70514.5,68800.2,69391.3,5559.09506179
2024-11-03,69391.4,69607.1,67458.0,68100.0,5924.11651167
2024-11-04,68100.0,69499.0,67682.6,68645.5,6845.02571518
2024-11-05,68645.5,70329.9,66822.5,69632.1,10628.57459656
2024-11-06,69632.7,75409.6,68709.0,74296.4,30369.04235989
2024-11-07,74299.6,76388.0,74116.5,76056.3,12139.14726695
2024-11-08,76056.5,76848.1,75484.3,76418.8,10343.68871473
2024-11-09,76418.9,77179.1,75800.2,76321.2,6235.04273498
2024-11-10,76321.3,80100.0,75714.2,79687.3,13082.58593771
2024-11-11,79687.2,84288.0,78500.0,84068.2,16175.65835375
2024-11-12,84068.1,89970.2,83825.6,86611.9,33585.88344133
2024-11-13,86611.8,92666.0,85725.7,92525.6,20348.51273694
2024-11-14,92525.7,93263.0,87837.7,87954.9,20387.7071534
2024-11-15,87954.9,90707.5,86666.6,88439.9,13795.42050888
2024-11-16,88439.9,91851.2,88376.1,90527.8,8170.39307369
2024-11-17,90527.8,91489.9,89354.3,90260.0,5809.9788386
2024-11-18,90260.1,92644.1,88714.2,92333.3,13414.50070423
2024-11-19,92339.1,92800.0,89675.2,92380.7,13365.1025809
2024-11-20,92382.5,94800.0,91304.1,94724.9,12810.37557192
2024-11-21,94724.8,98400.0,93128.0,96659.9,18772.66146575
2024-11-22,96659.9,99408.0,96300.0,98650.5,12848.66152969
2024-11-23,98648.1,99588.0,98200.0,98377.2,7645.62725977
2024-11-24,98377.3,98569.3,95920.4,95920.9,7237.51655135
2024-11-25,95920.4,98876.0,94583.0,95995.1,10079.14630452
2024-11-26,95995.1,96498.4,91466.0,92815.1,14181.33800374
2024-11-27,92815.1,95858.0,90800.0,95544.3,11046.6247376
2024-11-28,95544.3,97203.8,94610.0,94998.4,7934.35594018
2024-11-29,94998.4,98628.0,94703.2,98003.1,7435.50049527
2024-11-30,98008.0,98439.7,96080.1,96646.7,5211.22155837
2024-12-01,96646.6,97406.8,95678.0,97029.4,4199.56874168
2024-12-02,97029.5,98174.4,94770.0,97035.8,8330.74687735
2024-12-03,97035.7,97352.0,93583.8,95683.9,9101.65835662
2024-12-04,95684.0,96965.1,94852.0,95746.3,7635.06618011
2024-12-05,95746.4,104056.0,94580.0,101308.1,23060.24691862
2024-12-06,101308.1,102028.0,89711.9,99312.2,20552.33706257
2024-12-07,99312.2,101901.8,98752.0,99733.3,6663.02420345
2024-12-08,99733.4,100500.0,98663.2,99907.1,4122.7548541
2024-12-09,99907.2,101362.7,97512.2,97805.4,8442.18305696
2024-12-10,97807.9,98391.8,94000.0,95655.9,14515.64388211
2024-12-11,95656.0,100790.0,94244.3,100374.1,12024.02198895
2024-12-12,100374.2,101884.0,99602.9,101795.4,9538.95067919
2024-12-13,101795.5,102538.9,99200.0,99874.9,9246.75911245
2024-12-14,99872.6,102666.0,99792.0,101624.2,6380.58771697
2024-12-15,101624.2,103360.7,100606.9,102696.9,4526.30649307
2024-12-16,102696.9,106660.8,102580.5,106319.9,10591.11690828
2024-12-17,106324.7,108365.0,105461.5,106471.0,10071.25219352
2024-12-18,106471.1,107636.3,103113.2,104427.3,9900.93241666
2024-12-19,104432.5,104983.4,98770.1,100676.1,18639.5833838
2024-12-20,100676.1,101199.9,92268.0,96989.3,28942.18656755
2024-12-21,96988.9,99553.7,95400.0,97524.1,9625.33078007
2024-12-22,97524.0,98053.6,95131.0,95370.9,4575.4871583
2024-12-23,95370.9,96538.4,93112.0,93256.3,8426.23967098
2024-12-24,93253.9,98319.7,92525.0,98306.8,8754.38118257
2024-12-25,98306.7,99480.2,97249.2,98532.9,7520.3126466
2024-12-26,98533.3,99968.9,95179.4,96039.7,7133.15034606
2024-12-27,96039.2,97561.4,94012.9,94576.5,7598.68597939
2024-12-28,94576.7,95331.2,93500.0,94444.1,4056.97205345
2024-12-29,94444.1,95750.0,94000.1,94505.4,2847.88535392
2024-12-30,94505.5,94575.6,91540.0,92123.0,8848.32680276
2024-12-31,92122.7,96258.9,91807.0,95417.8,9983.14015356
2025-01-01,95417.9,95590.0,92888.0,94442.9,4968.14872682
2025-01-02,94442.9,97428.4,93740.4,96476.5,7119.81780219
2025-01-03,96473.0,97847.6,96043.8,97524.4,5405.32529154
2025-01-04,97525.0,98977.9,97392.5,97665.3,4370.84016229
2025-01-05,97665.3,98785.7,97260.8,98029.8,2436.48911861
2025-01-06,98029.8,102476.0,97561.9,102149.4,6132.07154628
2025-01-07,102149.9,102750.0,97097.6,97942.8,8715.20324348
2025-01-08,97952.2,98352.2,94529.0,95481.4,9224.97367125
2025-01-09,95481.5,95497.5,91800.0,94247.1,9432.02665716
2025-01-10,94247.1,95264.4,91200.0,93734.9,10342.50261248
2025-01-11,93735.0,95853.1,93185.4,94413.0,3606.06269993
2025-01-12,94412.9,95465.0,93711.8,95073.9,2056.57009721
2025-01-13,95073.9,95947.2,89111.0,92123.5,12472.76573868
2025-01-14,92123.6,97384.0,91242.5,96475.7,10123.01702215
2025-01-15,96475.7,99773.0,95340.1,98985.9,7830.16396599
2025-01-16,98985.8,100880.0,97311.1,99299.9,8047.72567482
2025-01-17,99299.9,104248.3,99063.4,104013.6,10588.00599974
2025-01-18,104013.6,105847.4,102288.0,104561.4,10173.58495552
2025-01-19,104561.4,105730.7,103148.1,104933.5,8620.66383717
2025-01-20,104933.5,109800.0,99526.4,104940.7,26174.63327745
2025-01-21,104950.3,107040.7,100111.0,103954.2,20499.05988776
2025-01-22,103954.2,107285.8,103638.5,104188.0,11848.9694155
2025-01-23,104189.0,106062.1,101233.0,105272.7,11803.64460861
2025-01-24,105272.9,106863.1,102213.2,105862.2,14599.81461841
2025-01-25,105862.1,107146.3,104106.1,104897.2,4662.90009693
2025-01-26,104897.3,105526.6,104429.1,104972.6,2415.67725378
2025-01-27,104972.5,105270.4,97751.6,101101.3,14960.93501003
2025-01-28,101101.3,103848.0,98859.0,102776.8,9522.83961963
2025-01-29,102776.7,103114.5,100274.4,101975.5,6161.25577812
2025-01-30,101975.5,106450.3,101416.9,105564.0,10286.63036897
2025-01-31,105564.0,106000.0,103900.0,105438.0,6888.84139038
2025-02-01,105437.9,105574.6,101389.6,102074.3,7410.78998721
2025-02-02,102074.2,102289.0,98170.0,99348.2,6364.25862137
2025-02-03,99348.2,99490.0,91182.6,98831.9,28649.09520794
2025-02-04,98832.0,102500.0,97843.9,99355.3,13214.68600385
2025-02-05,99357.6,100780.9,96136.2,98114.6,9829.71499174
2025-02-06,98114.6,99132.2,96156.0,97338.6,6877.12302248
2025-02-07,97338.7,100149.8,95680.0,98302.1,9588.19379174
2025-02-08,98305.1,98595.7,95601.0,95855.6,5638.85447682
2025-02-09,95855.6,97329.0,95688.0,96488.7,2937.97419407
2025-02-10,96488.8,98358.3,94705.8,97224.0,7288.31833519
2025-02-11,97226.0,98489.7,96565.6,97020.2,4772.86061371
2025-02-12,97024.3,97049.6,94021.3,95805.1,7945.59447372
2025-02-13,95805.1,98136.1,95120.2,95999.9,7237.18727711
2025-02-14,95996.0,97583.1,95209.4,96936.1,4906.53730646
2025-02-15,96938.0,98843.9,96494.4,97639.0,5033.00349587
2025-02-16,97639.1,97754.0,96685.7,96913.6,2742.91285958
2025-02-17,96913.7,97300.0,95558.1,95656.1,4450.47762264
2025-02-18,95656.1,96750.0,95072.6,95542.0,5468.76852454
2025-02-19,95542.0,96710.5,93363.3,95940.2,7231.52968117
2025-02-20,95940.1,98038.0,95403.7,96907.3,4960.89925485
2025-02-21,96907.4,99485.9,96874.1,98110.0,8149.64487437
2025-02-22,98109.9,98760.0,94858.5,96581.4,8781.31543894
2025-02-23,96581.4,96814.0,95400.1,95451.7,2380.96624529
2025-02-24,95451.7,96513.7,93827.1,94338.1,6621.96604935
2025-02-25,94334.1,95191.6,86050.0,87241.6,24764.34712171
2025-02-26,87243.9,89470.2,85425.5,87559.9,14565.09467029
2025-02-27,87564.7,87799.9,82236.0,85499.6,18636.22935729
2025-02-28,85500.8,85699.6,78258.5,83997.2,27841.62346766
2025-03-01,83997.1,86547.3,83181.7,84790.0,11217.5374469
2025-03-02,84790.0,88675.6,84690.2,87427.9,7302.71936886
2025-03-03,87428.0,95000.0,87310.8,90031.0,24100.352626
2025-03-04,90031.1,90999.9,81501.0,82980.2,21202.12960773
2025-03-05,82981.9,90932.4,82000.4,88342.1,16471.932256
2025-03-06,88338.0,92812.3,87589.2,90822.5,11396.48341535
2025-03-07,90824.0,91290.3,84640.0,88451.9,20888.29766441
2025-03-08,88444.0,89040.0,85217.8,86398.1,11272.1756916
2025-03-09,86398.1,86511.7,82740.5,83070.1,6340.02350641
2025-03-10,83070.1,84069.4,79155.0,80039.5,18162.60738378
2025-03-11,80037.9,82267.0,76600.0,81229.5,22197.07509064
2025-03-12,81228.7,84499.0,80597.7,81733.3,14212.26211624
2025-03-13,81731.8,84333.3,80953.6,81043.9,9206.75297655
2025-03-14,81041.2,85300.0,79940.0,84734.0,10221.35071989
2025-03-15,84734.1,84958.0,83609.2,84334.1,4651.28224608
2025-03-16,84334.1,84491.0,82357.0,83316.6,4254.51644329
2025-03-17,83316.5,85154.0,82000.0,83538.1,9407.22972983
2025-03-18,83538.2,84764.3,81144.0,81600.1,8844.9481551
2025-03-19,81600.1,84893.5,81240.0,84737.9,6801.48686018
2025-03-20,84738.0,87446.9,83570.0,84692.6,11265.74375026
2025-03-21,84687.4,84921.0,83170.6,83576.1,6993.91378563
2025-03-22,83570.3,84583.3,83376.1,84117.9,2813.77808048
2025-03-23,84117.9,85266.6,83650.0,85194.0,2860.008936
2025-03-24,85194.0,88769.2,84813.0,88330.0,7442.84672798
2025-03-25,88330.0,88533.3,86303.3,87768.1,8571.88448978
2025-03-26,87768.1,88545.7,86434.3,86740.8,6834.29078633
2025-03-27,86740.7,87765.2,85800.0,86970.9,7716.35080362
2025-03-28,86969.6,87724.0,83958.9,84051.5,10682.67231878
2025-03-29,84051.5,84626.7,82011.0,82418.4,6397.5754882
2025-03-30,82418.4,83535.4,81644.2,82735.2,4027.41018753
2025-03-31,82736.5,83929.6,81268.5,83423.0,7962.98532699
2025-04-01,83420.7,85500.0,82263.6,85286.8,7590.75561026
2025-04-02,85288.2,87344.0,83900.0,86752.4,8618.73579234
2025-04-03,86755.0,88500.0,81203.0,82046.1,15290.0102588
2025-04-04,82046.1,84725.0,81543.7,82860.1,13568.15968904
2025-04-05,82862.0,84613.2,82383.0,82620.5,6674.30347988
2025-04-06,82620.1,83793.7,82216.0,82547.6,4136.1309227
2025-04-07,82547.6,82565.8,74501.6,78480.1,29696.55764944
2025-04-08,78480.0,80860.0,77293.5,78497.0,10532.14066129
2025-04-09,78496.9,78524.9,74627.5,77261.4,16947.01736214
2025-04-10,77269.2,83583.1,77134.6,78750.7,20913.80735661
2025-04-11,78750.6,83333.0,78462.0,82527.9,13392.28244773
2025-04-12,82528.0,85400.0,82012.6,84996.2,8994.69258695
2025-04-13,84996.2,86100.0,83458.0,83850.8,8224.42709272
2025-04-14,83850.8,85808.1,83020.2,84102.0,9499.20214462
2025-04-15,84106.7,86460.0,83859.3,84915.7,7719.55535163
2025-04-16,84917.7,85280.5,83107.6,84849.5,6775.01908096
2025-04-17,84849.9,85550.0,83276.6,84544.6,5648.40127777
2025-04-18,84544.7,85489.0,84335.0,84375.2,4828.04317107
2025-04-19,84375.2,85661.0,84300.0,85190.0,3956.19782456
2025-04-20,85190.0,85380.0,83941.7,84345.4,6203.57239704
2025-04-21,84345.4,88466.0,84259.4,88042.5,10115.72802589
2025-04-22,88042.6,91427.2,86400.0,90925.9,11984.63115858
2025-04-23,90926.0,94779.6,90612.0,93188.5,13546.93697376
2025-04-24,93188.5,94212.1,91662.9,93205.8,7399.31753921
2025-04-25,93205.8,95768.4,92670.1,95067.6,9608.9532083
2025-04-26,95067.6,95550.0,93870.1,94366.0,4764.64770792
2025-04-27,94366.0,95310.0,93610.3,93902.1,3867.88669137
2025-04-28,93902.1,95600.0,92774.1,93840.0,8384.46340142
2025-04-29,93838.5,95465.2,93450.0,94840.4,5731.51159817
2025-04-30,94840.5,95464.9,92914.1,94009.3,7735.83004376
2025-05-01,94007.3,97426.0,93528.1,96849.8,7885.70379417
2025-05-02,96849.9,97896.0,96188.0,97331.1,9367.80968417
2025-05-03,97331.1,97799.9,95850.0,96428.0,4770.9117209
2025-05-04,96428.0,96448.0,95234.0,95467.6,3096.38072488
2025-05-05,95467.6,95760.4,93489.1,93782.8,6169.64672732
2025-05-06,93782.9,95217.5,93390.1,94567.9,5223.64356325
2025-05-07,94568.0,97731.8,94214.5,96937.0,7756.25060684
2025-05-08,96937.0,101546.6,95788.9,100763.4,11302.7478856
2025-05-09,100763.3,104366.0,100594.9,102904.0,11142.76914701
2025-05-10,102904.7,104122.0,102300.0,103143.3,4066.81103059
2025-05-11,103143.3,104999.0,103010.0,104134.6,6376.50772838
2025-05-12,104134.7,105850.0,102391.0,102520.1,8630.26023707
2025-05-13,102520.1,103987.9,100733.0,103685.6,7540.88602363
2025-05-14,103685.5,104986.0,102851.0,103518.0,6474.04628295
2025-05-15,103518.1,103867.9,101355.2,103254.9,6083.26740204
2025-05-16,103254.1,104464.0,102555.1,104187.9,5727.26322947
2025-05-17,104188.0,104555.0,102600.0,102950.0,4684.75453759
2025-05-18,102950.1,105666.6,102763.0,105515.9,3977.5912348
2025-05-19,105515.9,107140.1,102080.4,104796.0,11450.59221099
2025-05-20,104796.0,106867.0,104180.0,105340.4,7300.57366837
2025-05-21,105341.4,109458.0,105089.6,108972.0,9142.5346699
2025-05-22,108973.9,111880.0,106115.5,111317.8,14401.51589695
2025-05-23,111318.0,111963.0,107313.9,108940.6,8957.50714852
2025-05-24,108942.4,109812.2,106800.0,108939.3,6794.23096824
2025-05-25,108939.3,109221.9,106600.0,106973.3,5143.53577791
2025-05-26,106973.3,110411.2,106648.2,110004.9,4656.1319434
2025-05-27,110007.1,110729.0,107505.2,110145.7,7567.31889973
2025-05-28,110146.2,110512.0,107036.0,107113.1,5875.91658275
2025-05-29,107113.2,108897.5,106455.0,107034.0,10372.40190472
2025-05-30,107034.0,107180.0,104595.4,105538.8,8608.7930053
2025-05-31,105538.8,105565.4,103078.7,104554.2,5156.20785889
2025-06-01,104554.2,104907.5,103738.3,104711.9,3020.77784262
2025-06-02,104712.0,105945.0,103668.8,104434.0,4233.22352374
2025-06-03,104434.9,106804.0,104031.2,106630.2,5104.15006989
2025-06-04,106630.2,106688.0,104181.4,105302.7,4642.72856035
2025-06-05,105302.7,105914.9,103900.0,104539.6,4009.27148826
2025-06-06,104540.1,105330.8,100400.0,105094.2,11241.28413802
2025-06-07,105094.7,105799.0,103876.8,105558.3,4501.0489018
2025-06-08,105558.4,106158.7,104969.6,105975.1,2058.66434771
2025-06-09,105975.0,108034.8,105313.4,107638.1,4556.94942643
2025-06-10,107638.2,110650.0,107638.1,109023.9,6078.48383676
2025-06-11,109024.0,110399.9,108521.7,109743.3,3691.26994931
2025-06-12,109743.3,109825.4,106600.0,107017.6,5353.91457427
2025-06-13,107017.6,108439.0,102640.0,105431.0,12194.08270132
2025-06-14,105431.1,106219.2,104614.0,104833.1,2776.8970033
2025-06-15,104833.1,106140.0,104305.7,105568.0,3316.22649943
2025-06-16,105568.0,107787.1,104500.0,107436.0,4431.92662559
2025-06-17,107438.1,108974.7,104138.3,104244.1,7597.72487684
2025-06-18,104244.1,105544.2,103368.1,104796.1,6892.66299197
2025-06-19,104796.0,105225.8,103500.0,104104.1,3251.81705097
2025-06-20,104104.1,106520.0,103882.6,104222.1,4730.61833267
2025-06-21,104224.0,104281.2,102340.7,103566.1,5336.65193128
2025-06-22,103566.1,103657.2,98900.4,98911.3,8965.78373418
2025-06-23,98911.2,102625.0,98188.4,101431.5,8118.37199228
2025-06-24,101431.6,106052.1,99636.6,105238.1,10461.07124142
2025-06-25,105241.8,108130.0,105182.8,107034.6,6444.45229018
2025-06-26,107034.5,108290.0,106546.8,107316.0,5218.65020271
2025-06-27,107316.0,108007.0,106377.0,107312.9,4880.70631752
2025-06-28,107313.0,107727.9,106450.0,107451.5,2970.73090483
2025-06-29,107451.6,108539.0,107156.0,107744.1,2395.25345044
2025-06-30,107744.0,108800.0,106736.9,107575.1,3911.76244924
2025-07-01,107575.0,107809.5,105633.3,105961.9,4652.42648114
2025-07-02,105962.0,108770.0,105100.0,108745.3,5073.44867861
2025-07-03,108745.3,110529.0,108526.1,109128.2,6117.27657462
2025-07-04,109128.3,110000.0,107507.3,107592.2,3138.85072767
2025-07-05,107592.1,108432.7,107255.7,108057.9,1685.79522912
2025-07-06,108058.0,109134.4,107804.1,108909.9,1634.49267577
2025-07-07,108910.0,109719.6,107966.0,108301.9,2720.1257411
2025-07-08,108300.7,109218.8,107421.4,108264.9,2734.38965082
2025-07-09,108266.0,109790.0,108097.6,109079.9,3109.83586562
2025-07-10,109080.0,112000.0,109032.3,111412.0,6539.27322019
2025-07-11,111412.0,118868.0,111336.0,116921.2,12523.2285532
2025-07-12,116921.3,118230.5,116608.9,117112.0,6679.53826543
2025-07-13,117112.1,119449.9,117005.0,118678.1,2738.24842355
2025-07-14,118678.1,123226.0,118248.4,119882.0,7864.17777066
2025-07-15,119881.9,120524.0,115726.7,116385.7,11433.75053623
2025-07-16,116385.7,119814.2,116007.5,119106.0,5755.40033157
2025-07-17,119106.3,120069.3,117444.0,118875.9,5355.1968424
2025-07-18,118876.0,120941.8,117292.6,117844.4,6993.74765757
2025-07-19,117844.5,118492.0,116811.0,118052.1,4057.59569115
2025-07-20,118052.1,118811.8,117267.9,118683.9,2624.23866028
2025-07-21,118683.9,119669.0,116462.0,118318.1,4912.57204698
2025-07-22,118318.0,119600.0,116116.0,118922.4,7711.10353921
2025-07-23,118922.4,120249.3,117313.6,118578.1,6740.70354387
2025-07-24,118578.1,119500.0,117072.0,119110.1,5764.7638507
2025-07-25,119110.2,119412.5,114712.4,115722.1,14759.36234782
2025-07-26,115718.1,118233.2,115449.8,118126.5,3231.25182394
2025-07-27,118126.6,118600.0,117818.0,118600.0,2051.32084057
2025-07-28,118600.0,119828.0,117914.4,118170.4,4496.21519997
2025-07-29,118170.5,119300.0,117266.6,117384.1,3831.03867276
2025-07-30,117384.1,118800.0,116954.4,118007.0,3241.47359486
2025-07-31,118007.0,118936.8,115716.3,118314.0,5060.6244373
2025-08-01,118313.9,118887.4,113929.2,115352.6,9465.18753063
2025-08-02,115352.6,115700.0,112724.3,112843.9,4880.01964084
2025-08-03,112839.5,114250.0,111903.1,113943.4,3244.18318087
2025-08-04,113943.3,115486.1,113749.1,114823.7,2967.19857245
2025-08-05,114823.8,115738.9,112653.0,112931.8,4250.63650747
2025-08-06,112930.1,115546.1,112812.7,115416.2,2935.76894833
2025-08-07,115416.1,116822.0,114260.7,116700.0,4127.46357963
2025-08-08,116700.0,117663.8,115625.0,116204.2,4864.28821434
2025-08-09,116204.2,117923.2,116000.0,116888.9,3732.14020276
2025-08-10,116889.0,119100.0,116369.2,118787.0,5031.55889664
2025-08-11,118787.0,122335.8,118078.6,120302.0,7024.57128859
2025-08-12,120302.1,120792.8,118036.2,119934.7,5554.43053692
2025-08-13,119934.7,122210.5,118929.1,120914.0,6181.79247619
2025-08-14,120914.0,124500.0,117475.2,118237.9,10698.64297517
2025-08-15,118237.9,119229.5,116819.0,117278.5,4972.39712896
2025-08-16,117278.6,117899.1,116800.0,117687.7,4507.24174693
2025-08-17,117687.8,118585.5,117180.0,118243.5,1593.04841189
2025-08-18,118243.6,118326.6,114652.5,116152.0,5265.79757856
2025-08-19,116151.9,117004.0,113577.3,113789.2,4809.9360683
2025-08-20,113789.2,114324.0,112371.6,113362.1,5368.26952153
2025-08-21,113362.1,114824.5,112608.0,112792.0,5618.88635886
2025-08-22,112792.1,117302.3,111684.0,116374.4,6517.76491866
2025-08-23,116374.4,117420.0,114540.4,114819.3,4996.55389479
2025-08-24,114819.4,115666.6,114350.7,114406.6,2874.79319103
2025-08-25,114406.7,114916.0,110481.8,112204.0,9654.92063978
2025-08-26,112204.0,112943.9,108680.6,109672.0,8215.39336692
2025-08-27,109672.1,112625.3,109446.0,112008.2,3784.19762683
2025-08-28,112008.3,113484.9,110869.6,112675.1,5204.26218887
2025-08-29,112675.2,113182.7,108092.1,108390.1,7279.57600512
2025-08-30,108390.0,108922.9,107343.7,108871.7,5963.1458179
2025-08-31,108868.9,109486.0,108193.5,108801.7,1887.60967247
2025-09-01,108801.7,109911.0,107250.0,108787.1,4011.54438008
2025-09-02,108787.1,111773.1,107458.0,110837.9,6562.70372227
2025-09-03,110837.9,112519.2,110178.0,112215.5,4487.81921326
2025-09-04,112215.5,112571.3,109312.3,109496.1,3253.45982137
2025-09-05,109495.8,113400.0,109344.5,110712.3,6295.75951881
2025-09-06,110712.4,111700.0,110215.8,110384.1,2805.06267168
2025-09-07,110384.1,111415.1,109967.1,111336.4,4601.21213105
2025-09-08,111336.4,112920.4,110608.8,112638.2,3417.64230824
2025-09-09,112638.5,113277.5,110762.0,110869.9,5863.943401
2025-09-10,110869.9,114318.0,110772.1,113850.1,6013.88781377
2025-09-11,113852.1,114731.4,113154.1,114186.0,5606.94722105
2025-09-12,114186.1,116325.2,114092.0,115120.8,4088.43392808
2025-09-13,115120.8,116666.0,115038.5,115782.5,3755.29828
2025-09-14,115782.5,116164.4,115116.5,115224.0,1972.39704366
2025-09-15,115224.1,116773.1,114370.0,114841.1,5244.11066574
2025-09-16,114841.1,116016.0,114601.1,115919.9,4279.0596814
2025-09-17,115920.0,117282.0,115458.0,115884.7,4238.53498144
2025-09-18,115884.7,117900.0,114722.0,117596.6,7787.84474143
2025-09-19,117596.6,117910.0,115466.1,115880.1,3416.78208033
2025-09-20,115880.0,116142.0,115088.0,115989.9,1810.98852488
2025-09-21,115990.0,116096.1,115340.0,115534.1,1384.26324651
2025-09-22,115534.0,115671.2,111514.3,112828.9,6735.31179411
2025-09-23,112829.0,113290.8,111481.5,112872.0,2870.9315952
2025-09-24,112872.0,113894.9,111020.0,113350.9,3758.7546444
2025-09-25,113350.9,113946.0,110620.0,111586.9,4677.90069616
2025-09-26,111587.0,111671.7,108617.3,109029.9,6494.55698152
2025-09-27,109030.0,110294.3,109020.7,109392.1,2305.86392931
2025-09-28,109392.1,110035.6,109200.0,110035.6,1922.6591428
2025-09-29,110035.5,114239.2,110007.1,113819.0,6429.60157202
2025-09-30,113819.1,114800.0,112666.9,113120.3,5232.55137575
2025-10-01,113120.4,117657.0,112787.2,117425.0,5559.57124587
2025-10-02,117426.0,119920.0,116724.0,119919.9,7906.6929895
2025-10-03,119919.9,122367.2,119257.0,122271.2,7171.70544071
2025-10-04,122271.3,123888.0,121486.9,121797.7,7432.6076389
2025-10-05,121797.8,125790.0,121519.4,122807.0,6991.05745994
2025-10-06,122807.0,125420.6,122300.1,124999.8,6394.68807166
2025-10-07,124999.8,126200.0,121182.7,121859.5,7387.8584721
2025-10-08,121859.6,123351.6,120592.0,122194.9,5905.10006532
2025-10-09,122194.9,124200.0,120687.4,121161.3,5785.54662484
2025-10-10,121161.3,122564.1,118485.6,119017.0,7435.77675377
2025-10-11,119017.0,119460.8,101500.0,111785.6,29724.69632323
2025-10-12,111785.6,113766.0,109568.2,113199.0,8517.98209178
2025-10-13,113199.1,115960.0,113199.1,114337.1,8839.90017267
2025-10-14,114337.1,115887.6,109872.7,112894.6,9914.82733366
2025-10-15,112894.5,113619.9,110354.5,110802.6,10382.96068231
2025-10-16,110802.6,112000.0,108345.4,108557.9,9234.02903005
2025-10-17,108557.9,109260.5,103514.5,106794.2,15025.34303005
2025-10-18,106794.2,107571.4,106080.0,106947.0,5089.05545941
2025-10-19,106947.0,108625.0,106110.5,108480.0,6109.97993582
2025-10-20,108480.0,111719.3,107425.6,111153.9,7973.33087409
2025-10-21,111154.0,113558.0,107476.8,113426.5,11649.59897999
2025-10-22,113426.6,114013.6,106650.9,108412.8,13459.75950422
2025-10-23,108412.8,110300.3,106666.6,109899.9,8808.7850784
2025-10-24,109899.9,112188.0,109350.0,110056.0,9229.90872347
2025-10-25,110056.1,111950.0,109808.8,111391.9,3380.25093679
2025-10-26,111392.0,114047.7,111176.0,113699.7,4195.80915089
2025-10-27,113699.8,116400.0,112900.0,114959.8,7647.19855641
2025-10-28,114959.9,116100.0,113440.3,114646.0,7577.30587542
2025-10-29,114644.1,115590.0,111405.1,111514.5,9383.63303898
2025-10-30,111514.5,112020.0,107323.9,107716.1,11631.34070926
2025-10-31,107716.2,111172.7,106308.9,110188.7,9544.19257207
2025-11-01,110180.8,110548.0,108630.3,110300.2,5933.01505472
2025-11-02,110299.4,111245.5,109862.0,110117.0,3288.51752552
2025-11-03,110117.1,110757.5,105500.0,105746.9,11028.9003796
2025-11-04,105747.0,107757.1,102926.1,103205.9,10370.53723957
2025-11-05,103205.9,103802.4,98941.2,103730.4,15739.49570064
2025-11-06,103730.4,104546.5,101625.0,102015.2,6793.82876552
2025-11-07,102014.0,102528.0,99267.9,100802.5,11376.52401622
2025-11-08,100802.6,104082.6,100511.0,101725.1,5463.81165808
2025-11-09,101724.0,104187.6,101375.0,103753.1,4208.73680426
2025-11-10,103753.0,106663.2,103333.1,105078.8,7504.06547279
2025-11-11,105080.4,107500.0,103200.0,103472.9,9658.25899076
2025-11-12,103472.9,105332.8,102000.0,102182.0,7402.46673158
2025-11-13,102181.9,104039.0,100800.0,101388.5,10246.48692643
2025-11-14,101388.3,101535.9,94551.0,96802.9,17484.80035172
2025-11-15,96803.0,97407.5,94000.1,96265.2,6795.11022402
2025-11-16,96265.2,96626.6,94383.1,94589.7,3662.0498608
2025-11-17,94589.7,96055.8,93000.0,93958.8,9165.72921188
2025-11-18,93960.3,94418.9,89281.8,92906.2,15661.87445633
2025-11-19,92906.3,93836.5,89875.0,89951.1,7591.35674623
2025-11-20,89947.7,93158.5,88611.7,89862.5,8969.40546744
2025-11-21,89862.5,89909.7,80636.3,82938.3,25830.65137616
2025-11-22,82938.2,85618.8,82337.3,84282.9,8941.37451496
2025-11-23,84282.9,87240.0,84223.2,87084.1,5207.04443985
2025-11-24,87084.0,88129.3,85278.2,86615.8,7455.13405483
2025-11-25,86615.8,89230.5,86118.2,86987.9,8072.09311919
2025-11-26,86988.1,88224.2,86182.5,86965.0,5701.62467178
2025-11-27,86965.0,91949.5,86949.3,90959.9,9159.95555001
2025-11-28,90959.8,93079.0,90654.6,92356.1,6353.97951961
2025-11-29,92356.1,92374.2,90213.9,91068.0,4941.77361684
2025-11-30,91068.0,91972.1,90168.0,91439.9,3002.21934375
2025-12-01,91440.0,91855.0,83833.4,84687.0,10927.60506952
2025-12-02,84687.1,91194.9,84050.0,90847.4,8126.01381435
2025-12-03,90847.4,93959.3,90214.8,92379.9,10121.55881405
2025-12-04,92380.1,94162.8,91798.6,92968.9,7031.6693467
2025-12-05,92968.7,93178.0,89900.0,90456.0,5710.15738872
2025-12-06,90456.1,90499.9,88040.4,89756.4,5152.1670618
2025-12-07,89756.5,89981.0,87731.7,89554.8,3471.86884171
2025-12-08,89554.7,92288.0,88985.0,89962.0,6088.77959509
2025-12-09,89962.0,92888.0,89500.0,92706.6,6815.0016169
2025-12-10,92706.6,94600.0,91567.6,92069.9,8143.52474387
2025-12-11,92070.0,94495.2,89255.9,89875.1,8668.22703315
2025-12-12,89875.0,93564.4,89333.3,89941.4,6317.39750568
2025-12-13,89933.7,90659.9,89466.6,90100.7,4264.10114512
2025-12-14,90100.6,90475.0,88632.9,89027.7,2653.45626892
2025-12-15,89027.7,90021.9,86626.6,87042.9,4987.02496503
2025-12-16,87044.6,88180.0,85147.7,87968.9,6306.7639833
2025-12-17,87968.9,90375.0,86211.5,87231.9,5772.88883195
2025-12-18,87231.7,89480.0,85328.4,88513.7,6547.81262944
2025-12-19,88513.7,89426.3,84456.2,87957.9,8118.96283087
2025-12-20,87958.0,88882.3,86846.8,88175.0,3091.22215371
2025-12-21,88175.1,89081.6,87607.6,88071.1,2628.4379342
2025-12-22,88071.0,90598.0,87886.9,89733.9,5627.6738257
2025-12-23,89733.9,90118.0,86578.9,87444.9,5270.61910807
2025-12-24,87444.9,88364.9,86400.0,87043.1,3813.61500801
2025-12-25,87043.1,88603.5,86919.0,88367.1,2156.88646065
2025-12-26,88367.2,89569.3,86666.0,87139.0,5464.71588091
2025-12-27,87139.0,87791.7,86816.7,87559.5,2902.55676813
2025-12-28,87559.5,88088.0,87446.8,87839.2,2861.09960891
2025-12-29,87839.2,90389.4,86804.2,87686.7,6650.25031353
2025-12-30,87686.6,89152.5,86825.6,89005.0,3914.15477275
2025-12-31,89000.6,89400.0,87777.3,87945.0,3952.8236171
2026-01-01,87945.0,88109.0,87240.0,88034.0,2422.6809388
2026-01-02,88034.1,90170.3,87878.4,89411.0,5301.02520704
2026-01-03,89410.9,90960.0,89200.3,89971.4,4017.27765804
2026-01-04,89972.9,91820.0,89921.7,91332.9,4155.73434393
2026-01-05,91332.9,94010.0,90875.0,93957.1,5561.32108167
2026-01-06,93957.0,94793.7,93140.0,93648.1,5877.3023875
2026-01-07,93648.2,93853.5,91019.3,91347.0,7593.02120629
2026-01-08,91347.0,91788.3,89327.8,90790.5,6260.37616217
2026-01-09,90790.5,92020.2,89700.0,91183.9,5608.70712187
2026-01-10,91183.8,91781.9,90124.7,90661.2,3202.66700551
2026-01-11,90661.1,91199.8,90396.3,90875.0,1929.71781482
2026-01-12,90875.0,92520.6,90132.1,91666.9,5026.15011015
2026-01-13,91666.0,93456.0,90948.4,93455.9,6367.4861015
2026-01-14,93455.9,97088.0,93080.7,96755.6,11333.33012453
2026-01-15,96755.5,97925.4,95451.0,96742.1,9383.04416689
2026-01-16,96742.0,97074.5,94303.6,94589.3,4787.20726267
2026-01-17,94589.2,95638.0,94514.1,95571.0,2270.26843572
2026-01-18,95571.0,95571.0,94878.1,95113.9,1578.11711268
2026-01-19,95114.0,95529.0,91900.0,93063.0,7105.07302127
2026-01-20,93063.0,93400.0,89852.0,90681.1,7683.42864804
2026-01-21,90681.1,90973.8,87806.2,90279.5,8723.31212553
2026-01-22,90279.5,90454.2,87258.7,89003.2,7022.92021541
2026-01-23,89003.3,90096.9,88563.6,89754.2,4879.69224677
2026-01-24,89754.3,91222.0,89178.5,89279.9,3025.50505984
2026-01-25,89280.0,89507.2,88133.5,88456.1,2144.93327727
2026-01-26,88456.1,88857.0,86090.0,87643.0,7255.08768604
2026-01-27,87643.1,88996.0,87041.1,88038.9,4275.27069649
2026-01-28,88039.0,90488.0,87311.7,89480.5,5872.70165154
2026-01-29,89480.5,90606.1,84389.9,84950.5,8047.87648884
2026-01-30,84951.0,85631.3,81010.0,82885.4,13040.16625305
2026-01-31,82882.1,84631.3,80831.6,81302.0,9116.29413156
2026-02-01,81302.0,82216.0,75678.0,77600.9,14363.86011201
2026-02-02,77601.9,79335.5,74612.0,78851.7,14881.86093033
2026-02-03,78845.1,79292.0,77057.0,78134.1,8213.88758239
2026-02-04,78134.1,78140.0,72917.8,74140.1,12490.86701745
2026-02-05,74142.4,74242.3,66700.3,67482.9,21696.40291123
2026-02-06,67488.0,69190.9,60000.0,68629.0,41236.42735898
2026-02-07,68629.0,71745.8,67350.0,69159.9,17469.21656222
2026-02-08,69159.9,71553.0,68548.7,71181.5,7681.4845778
2026-02-09,71181.5,72288.0,68309.4,69567.1,8188.71639095
2026-02-10,69564.1,71125.5,67911.6,69288.1,7281.68319376
2026-02-11,69288.2,69990.0,65759.1,66522.0,9146.72404873
2026-02-12,66518.5,68421.6,65877.6,67131.0,7965.84081578
2026-02-13,67133.0,69310.0,65120.1,68704.0,9654.1625847
2026-02-14,68698.6,70576.8,68536.5,69793.3,6018.52294795
2026-02-15,69793.3,70969.2,68776.6,69094.9,4311.68215049
2026-02-16,69096.0,70118.0,67288.0,67538.9,5677.03909842
2026-02-17,67541.8,69249.1,66622.8,67398.0,4551.0987676
2026-02-18,67397.5,68470.9,66718.8,67695.9,4721.80378874
2026-02-19,67696.0,67711.3,65641.2,66408.5,6064.4912645
2026-02-20,66407.1,68333.3,65898.5,67579.2,6590.64234685
2026-02-21,67579.3,68706.9,66963.1,68615.0,4331.70217061
2026-02-22,68617.1,68666.8,67305.7,67691.3,3543.32302475
2026-02-23,67691.3,67746.6,64280.0,65660.0,9821.49325333
2026-02-24,65658.1,65728.7,62500.2,63972.4,10981.71599943
2026-02-25,63972.4,67571.2,63700.0,67403.1,10261.7647852
2026-02-26,67403.0,69999.9,66766.4,67379.8,12086.76643873
2026-02-27,67379.8,68221.0,65667.6,66100.8,10598.27375974
2026-02-28,66100.7,66125.7,63020.1,64837.1,10157.83551678
2026-03-01,64837.0,68194.4,64677.9,66841.6,8983.43848995
2026-03-02,66844.4,69603.8,65051.5,69117.1,10658.53017908
2026-03-03,69117.2,70100.0,66149.5,67724.9,11030.36427174
2026-03-04,67722.2,73476.0,67401.1,73391.9,16187.60377621
2026-03-05,73392.0,74096.0,71156.2,71647.0,12214.44020167
2026-03-06,71648.3,71650.9,68171.6,68492.1,11478.53077744
2026-03-07,68492.2,68791.6,67433.6,67880.9,6058.92420587
2026-03-08,67881.0,68195.4,66543.1,67209.0,4285.76066411
2026-03-09,67208.1,69477.4,65616.3,68866.2,10991.66356517
2026-03-10,68865.7,71782.3,68234.0,71344.1,9395.6365775
2026-03-11,71344.0,71696.7,68977.4,70235.8,7014.88372881
2026-03-12,70235.8,71320.0,69210.7,70327.0,6858.80042772
2026-03-13,70327.1,73893.0,69777.4,71832.0,8139.26888947
2026-03-14,71832.0,72241.7,70320.0,70579.1,5075.94120973
2026-03-15,70579.2,71933.3,70473.5,71478.1,2531.34066533
2026-03-16,71478.1,74500.0,71300.0,73269.1,8461.09988252
2026-03-17,73269.1,76011.8,73158.0,73917.4,8631.72481679
2026-03-18,73915.5,74800.0,70858.1,71468.0,6609.40462577
2026-03-19,71468.0,72008.0,68796.3,69409.5,7517.56242433
2026-03-20,69411.0,71366.0,69125.3,69870.6,6135.4614229
2026-03-21,69870.7,71100.0,69393.5,70630.1,3505.17943471
2026-03-22,70630.2,70655.9,68100.1,68843.9,4544.57387575
2026-03-23,68844.0,71809.4,67360.1,70133.0,10870.2002724
2026-03-24,70134.0,71400.0,69517.1,69869.6,6134.11561323
2026-03-25,69869.6,72012.0,68924.0,70831.5,6647.41509274
2026-03-26,70831.1,71760.2,68616.7,69090.0,5699.10284825
2026-03-27,69086.3,69485.2,65714.2,66102.0,9974.52933849
2026-03-28,66102.0,67300.0,65559.6,67020.0,4643.84135867
2026-03-29,67020.3,67124.6,66277.0,66526.2,3099.21431368
2026-03-30,66526.2,68181.6,65000.0,67623.9,7030.86504309
2026-03-31,67624.0,68414.0,66000.0,66733.1,7137.26589371
2026-04-01,66733.1,69318.0,66727.7,68917.3,7698.64692812
2026-04-02,68917.3,69176.3,65701.7,66852.4,7079.55293845
2026-04-03,66849.2,67428.5,66284.1,66832.1,3745.88757681
2026-04-04,66832.1,67545.7,66755.6,67379.4,1966.23705841
2026-04-05,67379.5,67866.6,66606.7,67304.4,2212.44556513
2026-04-06,67304.5,70273.4,67157.0,69965.1,7045.01076731
2026-04-07,69965.0,70344.8,67730.1,68168.2,6119.07744715
2026-04-08,68168.2,72858.0,68079.9,71307.4,11521.78088735
2026-04-09,71306.6,72350.0,70463.1,72144.4,5066.65951684
2026-04-10,72144.4,73305.4,71428.0,72456.0,6841.03977263
2026-04-11,72456.0,73444.5,72380.9,72863.0,3166.64679935
2026-04-12,72863.0,73807.2,70610.8,70887.0,5889.73735937
2026-04-13,70887.0,72458.7,70505.9,71868.1,4373.63098902
2026-04-14,71868.0,76048.1,71675.8,75328.2,10303.75624369
2026-04-15,75327.1,75693.5,73507.1,73843.8,6834.23359696
2026-04-16,73841.4,75429.9,73302.8,74701.6,6041.81591695
2026-04-17,74701.6,78044.1,73914.5,77781.3,10805.55456228
2026-04-18,77781.3,78344.3,75780.9,76171.6,5791.01923493
2026-04-19,76171.7,76248.7,74889.7,75851.1,3536.2983322
2026-04-20,75851.1,75862.5,73717.9,75710.9,6207.18364076
2026-04-21,75713.6,76954.1,75290.1,75839.4,4580.32967057
2026-04-22,75839.5,79398.0,74825.6,79270.5,7187.02890614
2026-04-23,79270.6,79462.3,77180.0,78377.1,7428.69937867
2026-04-24,78377.2,78571.4,76953.8,78043.7,6979.0644555
2026-04-25,78043.7,78061.2,77260.8,77332.0,3605.45589776
2026-04-26,77332.0,78212.1,77129.5,78045.0,2594.0035884
2026-04-27,78045.0,79488.0,76562.3,76790.2,5520.58296351
2026-04-28,76790.3,77494.5,75660.1,76067.2,5015.30875141
2026-04-29,76067.7,77891.7,75714.0,75922.2,5116.88329136
2026-04-30,75922.1,76660.0,74943.7,76465.7,6723.83836494
2026-05-01,76465.7,78919.7,76077.8,78445.3,14483.625931
2026-05-02,78445.1,78683.8,77750.0,78490.6,2378.65437272
2026-05-03,78490.7,79198.6,78061.9,78668.9,2466.89589503
2026-05-04,78668.9,80622.0,78205.0,80033.5,10186.82098237
2026-05-05,80033.5,81730.5,79624.5,81530.3,6953.74638277
2026-05-06,81529.3,82842.0,80722.8,81704.6,7045.6944901
2026-05-07,81702.1,81891.3,79705.7,79898.0,4530.47867935
2026-05-08,79898.0,80513.2,79164.5,80150.3,5254.67037055
2026-05-09,80150.4,80684.2,79739.2,80522.6,2335.391782
2026-05-10,80522.6,81449.0,80481.6,81413.4,1901.36765546
2026-05-11,81414.5,82473.6,80280.1,81450.0,4950.22810542
2026-05-12,81450.1,82134.9,80174.1,80331.0,8600.44121233
2026-05-13,80331.0,81324.6,78812.0,78835.1,9081.4394508
2026-05-14,78835.0,81330.5,78760.1,81292.0,6863.41372237
2026-05-15,81292.1,82048.1,78650.0,79159.5,8044.47531343
2026-05-16,79159.6,79572.8,77656.0,78237.1,4909.21157327
2026-05-17,78237.2,78605.4,77704.0,78041.8,3267.30273161
2026-05-18,78041.8,78487.6,76053.0,76416.1,9441.40024412
2026-05-19,76416.1,77410.9,76143.7,76528.5,10852.263315
2026-05-20,76529.2,77853.0,76413.6,77458.1,4417.04545747
2026-05-21,77458.2,78200.0,76734.5,77262.8,5551.70504304
2026-05-22,77262.8,78100.0,76571.5,76797.4,9109.36873243
2026-05-23,76797.4,77099.9,74258.6,75521.6,5490.70977459
2026-05-24,75521.6,77529.3,75367.7,76377.7,4034.54417349
2026-05-25,76377.8,77906.8,76109.7,77629.0,3577.1394805
2026-05-26,77629.0,78084.5,76267.3,76519.3,4704.5070919
2026-05-27,76519.4,76720.1,74772.3,75335.3,5186.96030425
2026-05-28,75335.4,75420.8,72584.1,72930.9,7410.30552373
2026-05-29,72930.4,74195.6,72508.0,73805.7,5537.56920722
2026-05-30,73804.4,74335.0,73185.0,73929.4,8152.278955
2026-05-31,73929.5,74276.6,73508.4,73651.9,3597.63854862
2026-06-01,73651.9,74210.9,71070.6,71130.6,6377.80128028
2026-06-02,71130.6,71808.4,67082.0,67303.0,12978.23696447
2026-06-03,67303.0,68141.0,65450.0,66077.1,10719.7313162
2026-06-04,66077.1,66374.9,61365.0,63893.4,18365.21215995
2026-06-05,63893.4,64160.0,60050.0,60430.7,14961.39491634
2026-06-06,60430.7,61998.9,59111.2,60777.2,14828.51674602
2026-06-07,60777.2,62961.2,60401.9,62099.2,6499.51662885
2026-06-08,62100.0,64381.9,61185.0,63774.8,8608.67416607
2026-06-09,63774.9,64046.6,61040.0,61131.3,7620.31922638
2026-06-10,61130.9,62857.1,60687.2,62636.8,38722.5928498
2026-06-11,62636.8,63260.0,61105.3,62754.7,8290.87907255
2026-06-12,62754.8,64388.0,62342.3,63594.7,7315.14289153
2026-06-13,63595.3,64345.0,63392.7,64305.5,3852.04155942
2026-06-14,64305.5,64758.8,63868.0,64024.7,6367.04241786
2026-06-15,64024.6,67300.0,63683.9,67293.6,14064.7344733
2026-06-16,67293.7,67293.7,65366.0,65873.4,5058.00325699
2026-06-17,65873.2,66245.0,64560.6,65752.3,4360.4278619
2026-06-18,65752.3,66436.1,62291.0,62373.0,13942.14894542
2026-06-19,62369.8,63425.5,62270.0,63220.3,6254.29293756
2026-06-20,63220.5,64384.5,62869.1,64163.5,6582.60152672
2026-06-21,64168.0,64594.0,63734.0,64225.7,6831.85286568
2026-06-22,64224.7,65629.5,63262.0,64835.0,5807.18731761
2026-06-23,64838.8,64870.9,61930.0,62489.5,5286.41691909
2026-06-24,62489.5,63244.7,60264.3,60279.9,5980.46284937
2026-06-25,60279.9,61964.2,58110.0,59560.6,13615.1501498
2026-06-26,59560.7,60764.2,58330.5,60325.2,10251.16534052
2026-06-27,60325.2,60947.7,59558.3,60845.9,3801.73464141
2026-06-28,60846.0,60867.8,59754.4,59895.7,2279.4375163
2026-06-29,59895.8,60789.4,58896.0,59820.4,7537.17232071
2026-06-30,59820.4,60688.0,58200.0,58384.0,21400.05467029
2026-07-01,58384.1,60545.4,57809.4,60147.9,9848.19166208
2026-07-02,60147.9,62209.2,59582.6,61606.8,20226.49236269
2026-07-03,61606.9,62407.0,61129.0,61929.8,6524.76326339
2026-07-04,61929.8,63090.9,61911.1,62939.7,4593.7068554
2026-07-05,62939.7,63469.3,62444.4,62741.8,3115.07388176
2026-07-06,62741.9,63999.8,61318.3,63546.8,7977.32663866
2026-07-07,63547.9,64706.3,62663.1,63940.9,7403.13209227
2026-07-08,63941.0,64247.9,61548.4,61699.4,6707.63659155
2026-07-09,61699.2,63284.8,61690.4,62863.2,20748.76909819
2026-07-10,62860.8,64694.9,62560.1,64045.4,8261.1190396
2026-07-11,64044.5,64520.2,63664.0,64175.2,3193.26502495
2026-07-12,64175.2,64464.9,63643.2,64180.1,2437.89235701
2026-07-13,64180.1,64424.9,62108.0,62615.9,8625.5974523
2026-07-14,62615.9,64999.0,61830.0,64758.0,7031.35076182
2026-07-15,64758.1,65600.0,64263.6,65424.5,6994.56160863
2026-07-16,65424.6,65467.4,63858.8,64703.6,4451.98072359
2026-07-17,64703.7,64719.1,62536.4,63457.9,5657.99353699
2026-07-18,63457.9,64391.9,63312.9,64120.4,2098.26578132
2026-07-19,64120.5,64967.9,64091.7,64579.0,5810.09760296
2026-07-20,64579.1,65678.0,63762.4,65598.6,6529.24459805
2026-07-21,65598.6,66955.0,65045.5,66677.3,6985.91562389
2026-07-22,66677.2,66762.2,65552.6,66043.0,7353.73114617
2026-07-23,66043.0,66385.4,64725.4,64957.7,6061.36316791
2026-07-24,64957.7,65800.0,63740.0,64099.2,9142.06311019
2026-07-25,64099.2,64291.3,63806.4,64182.6,2713.53745802
2026-07-26,64182.7,64828.8,64124.2,64773.3,2229.29878491
2026-07-27,64773.0,65750.0,64426.4,64561.0,5288.56061098
2026-07-28,64559.6,65099.3,62741.1,63923.4,6177.12036552
2026-07-29,63923.4,64751.6,63504.2,63972.4,4481.85464847
2026-07-30,63972.4,65180.0,63261.6,64733.9,5859.77886175
2026-07-31,64734.0,65423.7,62457.1,62725.0,6283.24767266
2026-08-01,62725.1,63307.2,62710.6,63000.1,2421.33939269
2026-08-02,63000.1,63639.4,62268.5,63111.9,2454.83775905
2026-08-03,63112.0,63990.0,62300.0,63693.0,4404.79870176
2026-08-04,63693.0,64244.2,63328.0,64120.8,4152.6050141
2026-08-05,64120.9,64542.7,63892.0,64161.9,2356.02904858
